SamAccountName,Password
abnederveld,1P@$$w0rd
abwise,2P@$$w0rd
addevincentis,3P@$$w0rd
agbates,4P@$$w0rd
amfleming,5P@$$w0rd
amfortune,6P@$$w0rd
asroper,7P@$$w0rd
atober,8P@$$w0rd
bamcdonald,9P@$$w0rd
bbcarreira,10P@$$w0rd
bdconte,11P@$$w0rd
bdkasper,12P@$$w0rd
bhcrouse,13P@$$w0rd
binddn,14P@$$w0rd
brwake,15P@$$w0rd
cbhaylock,16P@$$w0rd
ccmelton,17P@$$w0rd
cddunn,18P@$$w0rd
cdsims,19P@$$w0rd
cmnazzal,20P@$$w0rd
crvoltz,21P@$$w0rd
cthagen,22P@$$w0rd
cthumphrey,23P@$$w0rd
dblaware,24P@$$w0rd
disteinhour,25P@$$w0rd
djfox,26P@$$w0rd
djverspoor,27P@$$w0rd
dkcates,28P@$$w0rd
dmbrubaker,29P@$$w0rd
dmdehart,30P@$$w0rd
dtverspoor,31P@$$w0rd
dwbelforte,32P@$$w0rd
ekbarbee,33P@$$w0rd
ekwashington,34P@$$w0rd
elwhitaker,35P@$$w0rd
emhall,36P@$$w0rd
esswift,37P@$$w0rd
ganguyen,38P@$$w0rd
grporter,39P@$$w0rd
Guest,40P@$$w0rd
hcbailliet,41P@$$w0rd
hjconte,42P@$$w0rd
hjliston,43P@$$w0rd
hsstobb,44P@$$w0rd
jcblume,45P@$$w0rd
jcedmonds,46P@$$w0rd
jjnelson,47P@$$w0rd
jjtanner,48P@$$w0rd
jpcrocker,49P@$$w0rd
jrsullivan,50P@$$w0rd
jshaygood,51P@$$w0rd
jtfowler,52P@$$w0rd
kahalladay,53P@$$w0rd
kbdavila,54P@$$w0rd
kdshisler,55P@$$w0rd
kgowens,56P@$$w0rd
kkswift,57P@$$w0rd
kmgreer,58P@$$w0rd
kpcoakley,59P@$$w0rd
krbtgt,60P@$$w0rd
ksbricout,61P@$$w0rd
kslarsen,62P@$$w0rd
ksmurray,63P@$$w0rd
kvanthony,64P@$$w0rd
laschoppe,65P@$$w0rd
ljblume,66P@$$w0rd
ljmartisek,67P@$$w0rd
magarverick,68P@$$w0rd
mbday,69P@$$w0rd
melee,70P@$$w0rd
mgspear,71P@$$w0rd
mkweirich,72P@$$w0rd
MS MSSQL. SQL,73P@$$w0rd
mslukes,74P@$$w0rd
njkendrick,75P@$$w0rd
pbminard,76P@$$w0rd
pmlogan,77P@$$w0rd
proftpd,78P@$$w0rd
ptferguson,79P@$$w0rd
pttyree,80P@$$w0rd
rasimpson,81P@$$w0rd
rbdaly,82P@$$w0rd
rebennett,83P@$$w0rd
rjcavallaro,84P@$$w0rd
rmhunter,85P@$$w0rd
rsruhlin,86P@$$w0rd
sdharding,87P@$$w0rd
sdtakimoto,88P@$$w0rd
skroper,89P@$$w0rd
sswallace,90P@$$w0rd
stbenoit,91P@$$w0rd
tbcort,92P@$$w0rd
tbreifel,93P@$$w0rd
tgkapetanovic,94P@$$w0rd
trkabir,95P@$$w0rd
wdkremer,96P@$$w0rd
